{
  "backend/main.mo": "Motoko backend tracking users’ first/last seen times with access-control checks and admin-only queries.",
  "feature_evidence.json": "Feature evidence report mapping frontend files to two authentication/admin features with metadata.",
  "frontend-file-summaries.txt": "Text file containing prewritten summaries of various frontend components and utilities.",
  "frontend/index.css": "Tailwind-based global stylesheet defining OKLCH color tokens, light/dark themes, and base styling.",
  "frontend/index.html": "HTML entry point with SEO metadata and script loading the main React application.",
  "frontend/src/App.tsx": "Main React component handling FLAMES flow, history, URL restoration, authentication UI, and admin dashboard rendering.",
  "frontend/src/components/AdminDashboardSection.tsx": "Admin-only dashboard showing all registered users with loading, error, and permission states.",
  "frontend/src/components/AuthControls.tsx": "Authentication controls for Internet Identity with sign in/out logic and principal display.",
  "frontend/src/components/CompatibilityLoading.tsx": "Loading card with animated heart and sparkles shown during FLAMES compatibility calculation.",
  "frontend/src/components/FlamesForm.tsx": "Form component that collects two names, validates input, simulates loading, computes FLAMES compatibility, and returns the result.",
  "frontend/src/components/FloatingHearts.tsx": "Renders animated floating heart icons with randomized positions and timings as a decorative background.",
  "frontend/src/components/HistorySection.tsx": "Displays stored compatibility history, allows selecting past results, and provides an option to clear all saved entries.",
  "frontend/src/components/ResultCard.tsx": "Shows the compatibility outcome with themed icons, emoji, and descriptive text based on FLAMES result.",
  "frontend/src/components/ShareActions.tsx": "Provides buttons to share results via WhatsApp or Instagram and to copy a shareable link or caption.",
  "frontend/src/components/ThemeToggle.tsx": "Button that toggles between light and dark themes using the theme hook.",
  "frontend/src/hooks/useActor.ts": "Initializes and caches a backend actor based on authentication identity and refreshes dependent queries when it changes.",
  "frontend/src/hooks/useAdminUsers.ts": "Hooks to check admin status and fetch all user details when authorized.",
  "frontend/src/hooks/useCompatibilityHistory.ts": "Manages compatibility history in localStorage, supporting loading, adding new entries, and clearing all history.",
  "frontend/src/hooks/useInternetIdentity.ts": "Provides a React context and provider for Internet Identity authentication, handling identity loading, login, logout, and status tracking.",
  "frontend/src/hooks/useQueries.ts": "Re-exports admin-related React Query hooks for fetching admin user data.",
  "frontend/src/hooks/useTheme.ts": "Manages light/dark theme state with localStorage persistence and DOM class toggling.",
  "frontend/src/index.css": "Defines Tailwind base styles plus custom Valentine-themed light/dark CSS variables and animation utilities.",
  "frontend/src/lib/flames.ts": "Implements the FLAMES compatibility algorithm by comparing character frequencies of two names.",
  "frontend/src/lib/principal.ts": "Utility to truncate long principal IDs for display.",
  "frontend/src/lib/share.ts": "Builds shareable URLs and social media messages for compatibility results.",
  "frontend/src/lib/time.ts": "Formats bigint nanosecond timestamps into readable or relative time strings.",
  "frontend/src/main.tsx": "Bootstraps the React app with React Query and Internet Identity providers.",
  "frontend/src/utils/urlParams.ts": "Provides helpers to read, persist, and clear URL parameters using query strings, hash routing, and sessionStorage.",
  "frontend/tailwind.config.js": "Tailwind configuration extending themes, colors, animations, and enabling plugins.",
  "project_state.json": "Describes project metadata, feature sets, requirements, and pending admin-related backend features."
}