{
  "kind": "build_request",
  "title": "Add admin-only dashboard to view all user details",
  "priority": "normal",
  "requirements": [
    {
      "id": "REQ-1",
      "text": "Implement backend user registry that records a user entry when a user authenticates with Internet Identity (II), including at minimum: user principal, firstSeen timestamp, and lastSeen timestamp, persisted in stable storage.",
      "target": "backend",
      "source": {
        "messageIds": [
          "msg-1"
        ],
        "quotes": [
          "The admin can see the all details of the users"
        ]
      },
      "acceptanceCriteria": [
        "When an authenticated user triggers registration, the backend stores (or updates) an entry keyed by their Principal.",
        "firstSeen is set only once for a principal; lastSeen updates on subsequent calls.",
        "Data survives canister upgrades (stable storage is used)."
      ]
    },
    {
      "id": "REQ-2",
      "text": "Add backend admin authorization and admin-only query methods to fetch user details: (1) list all users and their details, and (2) fetch a single user's details by principal. Reject non-admin callers.",
      "target": "backend",
      "source": {
        "messageIds": [
          "msg-1"
        ],
        "quotes": [
          "The admin can see the all details of the users"
        ]
      },
      "acceptanceCriteria": [
        "There is a clear admin check in backend (e.g., allowlist of admin principals configured in code/state).",
        "Non-admin callers receive an explicit rejection (trap or error variant) when calling admin-only methods.",
        "Admin callers can retrieve a list of all known users with their details (at least principal, firstSeen, lastSeen)."
      ]
    },
    {
      "id": "REQ-3",
      "text": "Add a minimal authentication UI in the header for Internet Identity: show a “Sign in” action when logged out and “Sign out” plus the current principal (shortened) when logged in.",
      "target": "frontend",
      "source": {
        "messageIds": [
          "msg-1"
        ],
        "quotes": [
          "The admin can see the all details of the users"
        ]
      },
      "acceptanceCriteria": [
        "When not authenticated, the header shows a “Sign in” button that invokes the existing Internet Identity login flow.",
        "When authenticated, the header shows a “Sign out” button that clears the identity and a readable principal indicator (e.g., truncated).",
        "All user-facing text is in English."
      ]
    },
    {
      "id": "REQ-4",
      "text": "Add an admin-only “Admin Dashboard” section in the frontend that is visible only when the current authenticated principal is an admin, and display a table of all users and their details pulled from the backend.",
      "target": "both",
      "source": {
        "messageIds": [
          "msg-1"
        ],
        "quotes": [
          "The admin can see the all details of the users"
        ]
      },
      "acceptanceCriteria": [
        "If the viewer is not authenticated, the admin dashboard is not shown.",
        "If authenticated but not an admin, the admin dashboard is not shown (or shows an English access-denied message without revealing user data).",
        "If authenticated and admin, the dashboard fetches and renders the user list from backend and displays at least principal, firstSeen, lastSeen.",
        "Fetching uses the existing React Query setup (no manual polling required)."
      ]
    }
  ],
  "constraints": [
    "Backend must remain a single Motoko actor in backend/main.mo (no additional backend services).",
    "Only create backend/migration.mo if needed to preserve/upgrade stable state for existing deployments (conditional migration policy).",
    "Do not modify files under frontend/src/components/ui or any frontend immutable paths listed in SYSTEM_CONTEXT (compose existing components instead).",
    "Use English for any user-facing text."
  ],
  "nonGoals": [
    "Do not add third-party authentication providers (only Internet Identity is allowed).",
    "Do not add external databases or off-chain storage; persist only in canister stable storage.",
    "Do not implement real-time presence, push notifications, or WebSocket-based updates.",
    "Do not build a full admin role-management UI unless explicitly requested (keep admin configuration minimal)."
  ],
  "imageRequirements": {
    "required": [],
    "edits": []
  },
  "userProfileUpdate": {
    "goalsToAdd": [],
    "goalsToRemove": [],
    "preferencesToAdd": [],
    "preferencesToRemove": [],
    "miscToAdd": [],
    "miscToRemove": [],
    "fieldsToSet": {},
    "fieldsToDelete": []
  }
}