{
  "kind": "coverage_report",
  "version": "1.0",
  "generatedAt": "2026-02-13T16:48:38.330Z",
  "sources": {
    "buildRequest": true,
    "implementationPlan": true
  },
  "requirements": {
    "total": 4,
    "implemented": 2,
    "items": [
      {
        "id": "REQ-1",
        "summary": "Implement backend user registry that records a user entry when a user authenticates with Internet Identity (II), including at minimum: user principal, firstSeen timestamp, and lastSeen timestamp, persisted in stable storage.",
        "status": "unknown",
        "plannedFiles": [],
        "matchedFiles": []
      },
      {
        "id": "REQ-2",
        "summary": "Add backend admin authorization and admin-only query methods to fetch user details: (1) list all users and their details, and (2) fetch a single user's details by principal. Reject non-admin callers.",
        "status": "unknown",
        "plannedFiles": [],
        "matchedFiles": []
      },
      {
        "id": "REQ-3",
        "summary": "Add a minimal authentication UI in the header for Internet Identity: show a “Sign in” action when logged out and “Sign out” plus the current principal (shortened) when logged in.",
        "status": "implemented",
        "plannedFiles": [
          "frontend/src/components/AuthControls.tsx",
          "frontend/src/lib/principal.ts",
          "frontend/src/App.tsx"
        ],
        "matchedFiles": [
          "frontend/src/components/AuthControls.tsx",
          "frontend/src/lib/principal.ts",
          "frontend/src/App.tsx"
        ]
      },
      {
        "id": "REQ-4",
        "summary": "Add an admin-only “Admin Dashboard” section in the frontend that is visible only when the current authenticated principal is an admin, and display a table of all users and their details pulled from the backend.",
        "status": "implemented",
        "plannedFiles": [
          "frontend/src/hooks/useAdminUsers.ts",
          "frontend/src/lib/time.ts",
          "frontend/src/components/AdminDashboardSection.tsx",
          "frontend/src/App.tsx"
        ],
        "matchedFiles": [
          "frontend/src/hooks/useAdminUsers.ts",
          "frontend/src/lib/time.ts",
          "frontend/src/components/AdminDashboardSection.tsx",
          "frontend/src/App.tsx"
        ]
      }
    ]
  },
  "changedFiles": [
    "backend/authorization/MixinAuthorization.mo",
    "backend/authorization/access-control.mo",
    "backend/main.mo",
    "build-request.json",
    "caffeine.lock.json",
    "feature_evidence.json",
    "frontend-file-summaries.txt",
    "frontend-implementation-plan.json",
    "frontend/src/App.tsx",
    "frontend/src/backend.d.ts",
    "frontend/src/backend.ts",
    "frontend/src/components/AdminDashboardSection.tsx",
    "frontend/src/components/AuthControls.tsx",
    "frontend/src/declarations/backend.did.d.ts",
    "frontend/src/declarations/backend.did.js",
    "frontend/src/hooks/useActor.ts",
    "frontend/src/hooks/useAdminUsers.ts",
    "frontend/src/hooks/useQueries.ts",
    "frontend/src/lib/principal.ts",
    "frontend/src/lib/time.ts",
    "frontend/src/utils/urlParams.ts",
    "project_state.json",
    "scratch/component-selection.json",
    "spec.md",
    "spec_vs_diff_report.json"
  ]
}