{
  "kind": "implementation_plan",
  "version": "1.0",
  "title": "Admin-only dashboard with Internet Identity header auth controls",
  "requirements": [
    {
      "id": "REQ-3",
      "summary": "Add header authentication UI for Internet Identity with sign in/out and principal indicator",
      "acceptanceCriteria": [
        "When not authenticated, the header shows a “Sign in” button that invokes the existing Internet Identity login flow.",
        "When authenticated, the header shows a “Sign out” button that clears the identity and a readable principal indicator (e.g., truncated).",
        "All user-facing text is in English."
      ],
      "file_operations": [
        {
          "path": "frontend/src/components/AuthControls.tsx",
          "operation": "create",
          "description": "Create a small header auth control component using the existing Internet Identity flow via useInternetIdentity (sign in/out) and React Query's QueryClient to clear cached data on logout. Use existing shadcn-ui Button component for consistent styling (Verify the component's usage instructions before implementing.)."
        },
        {
          "path": "frontend/src/lib/principal.ts",
          "operation": "create",
          "description": "Add a small helper to format/truncate a Principal string for display (e.g., first N + ellipsis + last N) to keep the header readable."
        },
        {
          "path": "frontend/src/App.tsx",
          "operation": "modify",
          "description": "Wire the new AuthControls into the existing header layout (next to ThemeToggle) so the UI shows Sign in when logged out and Sign out + truncated principal when logged in. Ensure all visible text is English."
        }
      ]
    },
    {
      "id": "REQ-4",
      "summary": "Add an admin-only Admin Dashboard section that fetches and displays all user details via React Query",
      "acceptanceCriteria": [
        "If the viewer is not authenticated, the admin dashboard is not shown.",
        "If authenticated but not an admin, the admin dashboard is not shown (or shows an English access-denied message without revealing user data).",
        "If authenticated and admin, the dashboard fetches and renders the user list from backend and displays at least principal, firstSeen, lastSeen.",
        "Fetching uses the existing React Query setup (no manual polling required)."
      ],
      "file_operations": [
        {
          "path": "frontend/src/hooks/useAdminUsers.ts",
          "operation": "create",
          "description": "Create React Query hooks that use the existing useActor to (1) query whether the caller is an admin (isCallerAdmin / getCallerUserRole), and (2) when admin, query all user details (getAllUserDetails). Ensure queries are disabled until the actor is ready and authentication state is known, and that authorization failures are handled gracefully in the UI."
        },
        {
          "path": "frontend/src/lib/time.ts",
          "operation": "create",
          "description": "Add a small formatting utility to render backend Time (bigint) values into a readable English date/time string suitable for firstSeen/lastSeen."
        },
        {
          "path": "frontend/src/components/AdminDashboardSection.tsx",
          "operation": "create",
          "description": "Implement an Admin Dashboard section component that: hides when not authenticated; shows an English access denied message when authenticated but not admin; and when admin, renders a user table (principal, firstSeen, lastSeen) from the React Query hook. Use existing shadcn-ui Card and/or Button components for layout/feedback where appropriate (Verify the component's usage instructions before implementing.)."
        },
        {
          "path": "frontend/src/App.tsx",
          "operation": "modify",
          "description": "Wire AdminDashboardSection into the existing App main content (as a section, not a new route/page) so it is reachable and visible only under the required admin/auth conditions."
        }
      ]
    }
  ]
}