{
  "kind": "spec_vs_diff_report",
  "version": "1.0",
  "generatedAt": "2026-02-13T16:48:38.327Z",
  "summary": "Frontend adds AuthControls and an Admin Dashboard section using React Query hooks, but backend user registry is not persisted in stable storage and the frontend depends on an admin-check method (isCallerAdmin) that is not shown as implemented in the backend diff. Additional unrequested access-control/token URL/session parameter handling appears to have been introduced.",
  "missing_requirements": [
    {
      "id": "REQ-1",
      "requirement": "Persist a backend user registry in stable storage (survives canister upgrades) with principal, firstSeen, and lastSeen; firstSeen set once, lastSeen updated on subsequent calls.",
      "reason": "backend/main.mo defines `let users = Map.empty<Principal, User>();` as a non-stable in-memory map, and the diff summary shows no `stable var`, nor preupgrade/postupgrade hooks, nor a migration file to preserve user registry across upgrades.",
      "evidence": [
        "backend/main.mo"
      ]
    },
    {
      "id": "REQ-1",
      "requirement": "Record/update a user entry when a user authenticates with Internet Identity (i.e., an authenticated user triggers registration).",
      "reason": "The diff shows a backend method `recordUserSeen`, but there is no evidence in the frontend diff summary of any call to `recordUserSeen` upon login/authentication; the new AuthControls only calls `login()`/`clear()` and clears the query cache on logout.",
      "evidence": [
        "backend/main.mo",
        "frontend/src/components/AuthControls.tsx"
      ]
    },
    {
      "id": "REQ-2",
      "requirement": "Provide an admin-only authorization check path usable by the frontend to determine admin status (admin-only dashboard visibility).",
      "reason": "Frontend hook `useIsCallerAdmin` calls `actor.isCallerAdmin()`, but the backend diff summary only shows `getAllUserDetails` and `getUserDetailsByPrincipal` and does not show an `isCallerAdmin` method.",
      "evidence": [
        "frontend/src/hooks/useAdminUsers.ts",
        "backend/main.mo"
      ]
    }
  ],
  "hallucinated_features": [
    {
      "description": "Secret-token based access-control initialization via URL parameter `caffeineAdminToken` and calling backend `_initializeAccessControlWithSecret` when creating the actor.",
      "reason": "The BuildRequest specifies admin authorization via an allowlist/admin principals configured in code/state and does not request URL token mechanisms or secret-based initialization. The diff introduces token parsing and an `_initializeAccessControlWithSecret` call.",
      "evidence": [
        "frontend/src/hooks/useActor.ts"
      ]
    },
    {
      "description": "General URL/session parameter utilities explicitly described as maintaining state like admin tokens throughout the session.",
      "reason": "Not requested by any requirement; suggests extra admin-token/session plumbing beyond minimal admin configuration.",
      "evidence": [
        "frontend/src/utils/urlParams.ts"
      ]
    },
    {
      "description": "Admin dashboard copy implying user management capabilities (\"View and manage all registered users\").",
      "reason": "REQ-4 only requests viewing and displaying user details in a table; it explicitly calls for minimal admin configuration and does not request any 'manage' functionality.",
      "evidence": [
        "frontend/src/components/AdminDashboardSection.tsx"
      ]
    }
  ],
  "confidence": 0.73,
  "changed_files": [
    "backend/main.mo",
    "frontend-file-summaries.txt",
    "frontend/src/App.tsx",
    "frontend/src/components/AdminDashboardSection.tsx",
    "frontend/src/components/AuthControls.tsx",
    "frontend/src/hooks/useActor.ts",
    "frontend/src/hooks/useAdminUsers.ts",
    "frontend/src/hooks/useQueries.ts",
    "frontend/src/lib/principal.ts",
    "frontend/src/lib/time.ts",
    "frontend/src/utils/urlParams.ts",
    "project_state.json"
  ]
}